{"entities":{"pages":{"starter":{"id":"starter","title":"Getting started 📚","url":"starter.html","level":0,"pages":["install","features","extra"],"tabIndex":0},"install":{"id":"install","title":"Installation 📦","url":"install.html","level":1,"parentId":"starter","tabIndex":0},"features":{"id":"features","title":"Features ✨","url":"features.html","level":1,"parentId":"starter","tabIndex":1},"extra":{"id":"extra","title":"Feeling extra? 🤸‍♀️","url":"extra.html","level":1,"parentId":"starter","tabIndex":2}}},"topLevelIds":["starter"]}